query_index,filename,result,mean_execution_time_s,std_dev_time_s,num_records,errors
1,bidirectional_foaf_1,[{'countOfPersons': 50}],0.47261810302734375,1.0049527003212713,1,[]
2,bidirectional_foaf_2,[{'countOfPersons': 2420}],0.08541741371154785,0.1491114808655375,1,[]
3,bidirectional_foaf_3,[{'countOfPersons': 69799}],0.27737865447998045,0.410321614465046,1,[]
4,bidirectional_foaf_4,[],,0,0,"['{code: Neo.ClientError.Transaction.TransactionTimedOutClientConfiguration} {message: The transaction has been terminated. Retry your operation in a new transaction, and you should see a successful result. The transaction has not completed within the timeout specified at its start by the client. You may want to retry with a longer timeout. }']"
5,bidirectional_foaf_5,[],,0,0,"['{code: Neo.ClientError.Transaction.TransactionTimedOutClientConfiguration} {message: The transaction has been terminated. Retry your operation in a new transaction, and you should see a successful result. The transaction has not completed within the timeout specified at its start by the client. You may want to retry with a longer timeout. }']"
6,bidirectional_foaf_6,[],,0,0,"['{code: Neo.ClientError.Transaction.TransactionTimedOutClientConfiguration} {message: The transaction has been terminated. Retry your operation in a new transaction, and you should see a successful result. The transaction has not completed within the timeout specified at its start by the client. You may want to retry with a longer timeout. }']"
7,bidirectional_foaf_7,[],,0,0,"['{code: Neo.ClientError.Transaction.TransactionTimedOutClientConfiguration} {message: The transaction has been terminated. Retry your operation in a new transaction, and you should see a successful result. The transaction has not completed within the timeout specified at its start by the client. You may want to retry with a longer timeout. }']"
8,bidirectional_foaf_8,[],,0,0,"['{code: Neo.ClientError.Transaction.TransactionTimedOutClientConfiguration} {message: The transaction has been terminated. Retry your operation in a new transaction, and you should see a successful result. The transaction has not completed within the timeout specified at its start by the client. You may want to retry with a longer timeout. }']"
9,shortest_path,"[{'p': [{'id': 1}, 'KNOWS', {'id': 6252}, 'KNOWS', {'id': 15598}, 'KNOWS', {'id': 4999}]}]",0.04296951293945313,0.040374796307616326,1,[]
