query_index,filename,result,mean_execution_time_s,std_dev_time_s,num_records,errors
1,bidirectional_foaf_1,[{'countOfPersons': 5}],0.007077455520629883,0.012459946960339386,1,[]
2,bidirectional_foaf_2,[{'countOfPersons': 20}],0.004980039596557617,0.008295580908905665,1,[]
3,bidirectional_foaf_3,[{'countOfPersons': 80}],0.004010725021362305,0.006233518708733755,1,[]
4,bidirectional_foaf_4,[{'countOfPersons': 320}],0.004345846176147461,0.006454894475484346,1,[]
5,bidirectional_foaf_5,[{'countOfPersons': 1274}],0.004822874069213867,0.005755631725871784,1,[]
6,bidirectional_foaf_6,[{'countOfPersons': 4994}],0.00853724479675293,0.005817782677588485,1,[]
7,bidirectional_foaf_7,[{'countOfPersons': 18579}],0.020838022232055664,0.008000769968010543,1,[]
8,bidirectional_foaf_8,[{'countOfPersons': 56139}],0.05671381950378418,0.0012308251482051635,1,[]
9,shortest_path,"[{'p': [{'id': 1}, 'KNOWS', {'id': 7660}, 'KNOWS', {'id': 91645}, 'KNOWS', {'id': 61177}, 'KNOWS', {'id': 19284}, 'KNOWS', {'id': 74747}, 'KNOWS', {'id': 77972}, 'KNOWS', {'id': 26081}, 'KNOWS', {'id': 4999}]}]",0.0057047843933105465,0.005977329454894953,1,[]
