query_index,filename,result,mean_execution_time_s,std_dev_time_s,num_records,errors
1,bidirectional_foaf_1,[{'countOfPersons': 10}],0.3195767879486084,0.4778399326415578,1,[]
2,bidirectional_foaf_2,[{'countOfPersons': 90}],0.11860508918762207,0.03183916752970058,1,[]
3,bidirectional_foaf_3,[{'countOfPersons': 810}],0.11702132225036621,0.03594476674854018,1,[]
4,bidirectional_foaf_4,[{'countOfPersons': 7261}],0.1561838150024414,0.1140044325671366,1,[]
5,bidirectional_foaf_5,[{'countOfPersons': 63472}],0.300128173828125,0.3084451628155533,1,[]
6,bidirectional_foaf_6,[{'countOfPersons': 445576}],0.7839488506317138,0.04177184743461798,1,[]
7,bidirectional_foaf_7,[{'countOfPersons': 994960}],2.9586605072021483,0.1641300837588774,1,[]
8,bidirectional_foaf_8,[],,0,0,"['{code: Neo.ClientError.Transaction.TransactionTimedOutClientConfiguration} {message: The transaction has been terminated. Retry your operation in a new transaction, and you should see a successful result. The transaction has not completed within the timeout specified at its start by the client. You may want to retry with a longer timeout. }']"
9,shortest_path,"[{'p': [{'id': 1}, 'KNOWS', {'id': 272129}, 'KNOWS', {'id': 755842}, 'KNOWS', {'id': 833378}, 'KNOWS', {'id': 787422}, 'KNOWS', {'id': 775990}, 'KNOWS', {'id': 4999}]}]",0.2106928825378418,0.04312575819787057,1,[]
