query_index,filename,result,mean_execution_time_s,std_dev_time_s,num_records,errors
1,bidirectional_foaf_1,[{'countOfPersons': 20}],0.3308053493499756,0.5257423372024009,1,[]
2,bidirectional_foaf_2,[{'countOfPersons': 379}],0.1148758888244629,0.03782931993268765,1,[]
3,bidirectional_foaf_3,[{'countOfPersons': 7184}],0.14723610877990723,0.09707368414135462,1,[]
4,bidirectional_foaf_4,[{'countOfPersons': 127966}],0.5075913429260254,0.5399599599945958,1,[]
5,bidirectional_foaf_5,[{'countOfPersons': 925399}],2.3938133239746096,0.2579172271467384,1,[]
6,bidirectional_foaf_6,[],,0,0,"['{code: Neo.ClientError.Transaction.TransactionTimedOutClientConfiguration} {message: The transaction has been terminated. Retry your operation in a new transaction, and you should see a successful result. The transaction has not completed within the timeout specified at its start by the client. You may want to retry with a longer timeout. }']"
7,bidirectional_foaf_7,[],,0,0,"['{code: Neo.ClientError.Transaction.TransactionTimedOutClientConfiguration} {message: The transaction has been terminated. Retry your operation in a new transaction, and you should see a successful result. The transaction has not completed within the timeout specified at its start by the client. You may want to retry with a longer timeout. }']"
8,bidirectional_foaf_8,[],,0,0,"['{code: Neo.ClientError.Transaction.TransactionTimedOutClientConfiguration} {message: The transaction has been terminated. Retry your operation in a new transaction, and you should see a successful result. The transaction has not completed within the timeout specified at its start by the client. You may want to retry with a longer timeout. }']"
9,shortest_path,"[{'p': [{'id': 1}, 'KNOWS', {'id': 930409}, 'KNOWS', {'id': 431715}, 'KNOWS', {'id': 509799}, 'KNOWS', {'id': 507211}, 'KNOWS', {'id': 4999}]}]",0.20100245475769044,0.0521493819725176,1,[]
