query_index,filename,result,mean_execution_time_s,std_dev_time_s,num_records,errors
1,bidirectional_foaf_1,"[(10,)]",0.3760401248931885,0.014827304454091597,1,[]
2,bidirectional_foaf_2,"[(90,)]",0.7167940139770508,0.0022419709689480006,1,[]
3,bidirectional_foaf_3,"[(810,)]",1.0997501373291017,0.02887826287776587,1,[]
4,bidirectional_foaf_4,"[(7261,)]",1.633980894088745,0.062036659651095935,1,[]
5,bidirectional_foaf_5,"[(63472,)]",2.204861307144165,0.02610132526356839,1,[]
6,bidirectional_foaf_6,"[(445575,)]",3.8723376274108885,0.34812844385053715,1,[]
7,bidirectional_foaf_7,"[(994960,)]",16.164917325973512,0.6460001747793793,1,[]
8,bidirectional_foaf_8,[],,0,0,['canceling statement due to statement timeout']
9,shortest_path,[],,0,0,['canceling statement due to statement timeout']
