query_index,filename,result,mean_execution_time_s,std_dev_time_s,num_records,errors
1,bidirectional_foaf_1,"[(20,)]",0.4888894081115723,0.03305889349211763,1,[]
2,bidirectional_foaf_2,"[(379,)]",1.1793129444122314,0.013584407680313465,1,[]
3,bidirectional_foaf_3,"[(7184,)]",2.0208220958709715,0.05122460689311853,1,[]
4,bidirectional_foaf_4,"[(127966,)]",3.341435670852661,0.06134431416133334,1,[]
5,bidirectional_foaf_5,"[(925396,)]",11.484984207153321,0.7966381971537876,1,[]
6,bidirectional_foaf_6,[],,0,0,['canceling statement due to statement timeout']
7,bidirectional_foaf_7,[],,0,0,['canceling statement due to statement timeout']
8,bidirectional_foaf_8,[],,0,0,['canceling statement due to statement timeout']
9,shortest_path,[],,0,0,['canceling statement due to statement timeout']
