query_index,filename,result,mean_execution_time_s,std_dev_time_s,num_records,errors
1,bidirectional_foaf_1,"[(50,)]",0.1976935863494873,0.009754311784917355,1,[]
2,bidirectional_foaf_2,"[(2420,)]",3.275413227081299,0.101674094620127,1,[]
3,bidirectional_foaf_3,"[(69799,)]",5.172174263000488,0.3129813288729384,1,[]
4,bidirectional_foaf_4,"[(99999,)]",15.32930393218994,0.5751910023368952,1,[]
5,bidirectional_foaf_5,[],,0,0,['canceling statement due to statement timeout']
6,bidirectional_foaf_6,[],,0,0,['canceling statement due to statement timeout']
7,bidirectional_foaf_7,[],,0,0,['canceling statement due to statement timeout']
8,bidirectional_foaf_8,[],,0,0,['canceling statement due to statement timeout']
9,shortest_path,[],,0,0,['canceling statement due to statement timeout']
